{
  "action": {
    "min": [
      -0.6257143020629883,
      -0.7628571391105652,
      -1.3285714387893677,
      0.0,
      0.0,
      -8.25,
      0.0010000000474974513
    ],
    "max": [
      0.7757142782211304,
      0.9128571152687073,
      0.9942857027053833,
      0.0,
      0.0,
      8.25,
      0.024000000208616257
    ]
  }
}